-- --------------------------------------------------------
-- Host:                         127.0.0.1
-- Server version:               10.4.28-MariaDB - mariadb.org binary distribution
-- Server OS:                    Win64
-- HeidiSQL Version:             12.1.0.6537
-- --------------------------------------------------------

/*!40101 SET @OLD_CHARACTER_SET_CLIENT=@@CHARACTER_SET_CLIENT */;
/*!40101 SET NAMES utf8 */;
/*!50503 SET NAMES utf8mb4 */;
/*!40103 SET @OLD_TIME_ZONE=@@TIME_ZONE */;
/*!40103 SET TIME_ZONE='+00:00' */;
/*!40014 SET @OLD_FOREIGN_KEY_CHECKS=@@FOREIGN_KEY_CHECKS, FOREIGN_KEY_CHECKS=0 */;
/*!40101 SET @OLD_SQL_MODE=@@SQL_MODE, SQL_MODE='NO_AUTO_VALUE_ON_ZERO' */;
/*!40111 SET @OLD_SQL_NOTES=@@SQL_NOTES, SQL_NOTES=0 */;


-- Dumping database structure for majiquiz_db
CREATE DATABASE IF NOT EXISTS `majiquiz_db` /*!40100 DEFAULT CHARACTER SET utf8mb4 COLLATE utf8mb4_general_ci */;
USE `majiquiz_db`;

-- Dumping structure for table majiquiz_db.migrations
CREATE TABLE IF NOT EXISTS `migrations` (
  `id` int(10) unsigned NOT NULL AUTO_INCREMENT,
  `migration` varchar(255) NOT NULL,
  `batch` int(11) NOT NULL,
  PRIMARY KEY (`id`)
) ENGINE=InnoDB AUTO_INCREMENT=7 DEFAULT CHARSET=utf8mb4 COLLATE=utf8mb4_unicode_ci;

-- Dumping data for table majiquiz_db.migrations: ~4 rows (approximately)
INSERT INTO `migrations` (`id`, `migration`, `batch`) VALUES
	(3, '2014_10_12_000000_create_users_table', 1),
	(4, '2019_12_14_000001_create_personal_access_tokens_table', 1),
	(5, '2014_10_12_100000_create_password_resets_table', 2),
	(6, '2023_08_23_173029_create_scores_table', 2);

-- Dumping structure for table majiquiz_db.password_resets
CREATE TABLE IF NOT EXISTS `password_resets` (
  `email` varchar(255) NOT NULL,
  `token` varchar(255) NOT NULL,
  `created_at` timestamp NULL DEFAULT NULL,
  KEY `password_resets_email_index` (`email`)
) ENGINE=InnoDB DEFAULT CHARSET=utf8mb4 COLLATE=utf8mb4_unicode_ci;

-- Dumping data for table majiquiz_db.password_resets: ~0 rows (approximately)

-- Dumping structure for table majiquiz_db.personal_access_tokens
CREATE TABLE IF NOT EXISTS `personal_access_tokens` (
  `id` bigint(20) unsigned NOT NULL AUTO_INCREMENT,
  `tokenable_type` varchar(255) NOT NULL,
  `tokenable_id` bigint(20) unsigned NOT NULL,
  `name` varchar(255) NOT NULL,
  `token` varchar(64) NOT NULL,
  `abilities` text DEFAULT NULL,
  `last_used_at` timestamp NULL DEFAULT NULL,
  `expires_at` timestamp NULL DEFAULT NULL,
  `created_at` timestamp NULL DEFAULT NULL,
  `updated_at` timestamp NULL DEFAULT NULL,
  PRIMARY KEY (`id`),
  UNIQUE KEY `personal_access_tokens_token_unique` (`token`),
  KEY `personal_access_tokens_tokenable_type_tokenable_id_index` (`tokenable_type`,`tokenable_id`)
) ENGINE=InnoDB DEFAULT CHARSET=utf8mb4 COLLATE=utf8mb4_unicode_ci;

-- Dumping data for table majiquiz_db.personal_access_tokens: ~0 rows (approximately)

-- Dumping structure for table majiquiz_db.questions
CREATE TABLE IF NOT EXISTS `questions` (
  `id` int(11) NOT NULL AUTO_INCREMENT,
  `category` varchar(50) NOT NULL,
  `difficulty` enum('Easy','Medium','Hard') NOT NULL,
  `question` varchar(300) NOT NULL,
  `correct_answer` varchar(150) NOT NULL,
  `incorrect_answer1` varchar(150) NOT NULL,
  `incorrect_answer2` varchar(150) NOT NULL,
  `incorrect_answer3` varchar(150) NOT NULL,
  PRIMARY KEY (`id`),
  UNIQUE KEY `id_UNIQUE` (`id`)
) ENGINE=InnoDB AUTO_INCREMENT=271 DEFAULT CHARSET=utf8mb4 COLLATE=utf8mb4_general_ci;

-- Dumping data for table majiquiz_db.questions: ~270 rows (approximately)
INSERT INTO `questions` (`id`, `category`, `difficulty`, `question`, `correct_answer`, `incorrect_answer1`, `incorrect_answer2`, `incorrect_answer3`) VALUES
	(1, 'Geography', 'Easy', 'What is the largest country in the world by area?', 'Russia', 'India', 'Germany', 'USA'),
	(2, 'Geography', 'Easy', 'What is the capital of France?', 'Paris', 'Marseille', 'Strasbourg', 'Lille'),
	(3, 'Geography', 'Easy', 'What is Laos?', 'A country', 'A river', 'A mountain', 'A geographic coordinate'),
	(4, 'Geography', 'Easy', 'What is the longest river in the world?', 'Nile', 'Seine', 'Tejo', 'Mississippi'),
	(5, 'Geography', 'Easy', 'Which of the following is not a capital?', 'Hamburg', 'Brasilia', 'London', 'Tokyo'),
	(6, 'Geography', 'Easy', 'What is the country whose capital starts with "B"?', 'Germany', 'Mexico', 'Portugal', 'England'),
	(7, 'Geography', 'Easy', 'Which ocean borders the west coast of the USA?', 'Pacific', 'Atlantic', 'Arctic', 'Indian'),
	(8, 'Geography', 'Easy', 'What animal is known for its black and white stripes?', 'Zebra', 'Cow', 'Giraffe', 'Panda'),
	(9, 'Geography', 'Easy', 'What is an archipelago?', 'A set of islands', 'A big city with skyscrapers', 'An ice covered region', 'A very high mountain'),
	(10, 'Geography', 'Easy', 'Which of these African countries has Portuguese as an official language?', 'Mozambique', 'Ghana', 'Tunisia', 'Morocco'),
	(11, 'Geography', 'Medium', 'How many states make up the US?', '50', '38', '49', '32'),
	(12, 'Geography', 'Medium', 'What is the longest border between two countries?', 'USA - Canada', 'Germany - Poland', 'Brazil - Colombia', 'Russia - Kazakhstan'),
	(13, 'Geography', 'Medium', 'Which of these cities is not part of England?', 'Wellington', 'Birmingham', 'Manchester', 'Derby'),
	(14, 'Geography', 'Medium', 'Which of these countries has the least population?', 'Australia', 'China', 'USA', 'Venezuela'),
	(15, 'Geography', 'Medium', 'What is the capital of Estonia?', 'Tallinn', 'Narva', 'Kotka', 'Nuremberg'),
	(16, 'Geography', 'Medium', 'How many time zones does Russia have?', '11', '9', '7', '14'),
	(17, 'Geography', 'Medium', 'How many countries does Mexico border?', '3', '2', '1', '6'),
	(18, 'Geography', 'Medium', 'Which country has the abbreviation "CH"?', 'Switzerland', 'Sweden', 'Chile', 'Belgium'),
	(19, 'Geography', 'Medium', 'Where is the Sonoran Desert located?', 'USA', 'Belize', 'Italy', 'Portugal'),
	(20, 'Geography', 'Medium', 'Which of these countries does not border Austria?', 'Poland', 'Slovakia', 'Germany', 'Hungary'),
	(21, 'Geography', 'Hard', 'How many rivers are there in Saudi Arabia?', '0', '32', '34', '15'),
	(22, 'Geography', 'Hard', 'What is the fifth country with the largest area?', 'Brazil', 'Australia', 'Canada', 'France'),
	(23, 'Geography', 'Hard', 'Which city is known as the Rose Capital of the World?', 'Texas', 'Amsterdam', 'Cancun', 'Prague'),
	(24, 'Geography', 'Hard', 'Which country has three capitals?', 'South Africa', 'USA', 'UK', 'Nepal'),
	(25, 'Geography', 'Hard', 'What is the official language of Bhutan?', 'Dzonga', 'Mandarin', 'Hindi', 'Hokkien'),
	(26, 'Geography', 'Hard', 'What is the biggest desert in the world?', 'Antarctic desert', 'Sahara desert', 'Arabian desert', 'Patagonian desert'),
	(27, 'Geography', 'Hard', 'Which of these countries is not part of the Asian continent?', 'Madagascar', 'Malaysia', 'Jordan', 'Israel'),
	(28, 'Geography', 'Hard', 'What is the capital of Mongolia?', 'Ulan Bator', 'Darhan', 'Baruun-Urt', 'Kuwait'),
	(29, 'Geography', 'Hard', 'Which city is known as the "Venice of the East" because of its canal network?', 'Alappukha', 'Tel Aviv', 'Cairo', 'Paphos'),
	(30, 'Geography', 'Hard', 'What is the official language of Nigeria?', 'English', 'Yoruba', 'Dutch', 'Hausa'),
	(31, 'Sports', 'Easy', 'In the 2014 FIFA World Cup, what was the final result of the match Brazil vs Germany?', 'Brazil 1 - 7 Germany', 'Brazil 7 - 1 Germany', 'Brazil 3 - 1 Germany', 'Brazil 2 - 5 Germany'),
	(32, 'Sports', 'Easy', 'Which country hosted the 2022 FIFA World Cup?', 'Qatar', 'Saudi Arabia', 'Israel', 'Russia'),
	(33, 'Sports', 'Easy', '"Estádio da Luz" is the stadium of which football team?', 'SL Benfica', 'Sporting CP', 'CF Belenenses', 'SC Braga'),
	(34, 'Sports', 'Easy', 'Which team did Steven Gerrard win the Champions League on?', 'Liverpool FC', 'Arsenal FC', 'Aston Villa FC', 'Manchester City FC'),
	(35, 'Sports', 'Easy', 'Who is often called "the Maestro" in tennis?', 'Roger Federer', 'Pete Sampras', 'Novak Djokovic', 'Andre Agassi'),
	(36, 'Sports', 'Easy', 'Which boxer was banned for biting Evander Holyfield\'s ear in 1997?', 'Mike tyson', 'Floyd Mayweather Jr.', 'Muhammad Ali', 'Manny Pacquiao'),
	(37, 'Sports', 'Easy', '"Black Mamba" is the nickname of which NBA player?', 'Kobe Bryant', 'Rajon Rondo', 'Larry Bird', 'LeBron James'),
	(38, 'Sports', 'Easy', 'Which of the following sports is not part of triathlon?', 'Boxing', 'Race', 'Swimming', 'Cycling'),
	(39, 'Sports', 'Easy', 'How often are the Olympic Games held?', '4', '2', '5', '10'),
	(40, 'Sports', 'Easy', 'What type of race is the Tour de France?', 'Bicycle', 'Formula 1', 'Trail', '100 meters'),
	(41, 'Sports', 'Medium', 'Who was the top scorer of the 2014 FIFA World Cup?', 'James Rodriguez', 'Neymar', 'Lionel Messi', 'Cristiano Ronaldo'),
	(42, 'Sports', 'Medium', 'Which of these countries qualified for the FIFA World Cup 2018 in Russia?', 'Poland', 'USA', 'Hungary', 'Italy'),
	(43, 'Sports', 'Medium', 'Which team has played in the most NBA Finals?', 'Lakers', 'Celtics', 'Bulls', 'Mavericks'),
	(44, 'Sports', 'Medium', 'Which NBA player has the most games played in his career?', 'Vince Carter', 'Michael jordan', 'Jason Kidd', 'Carmelo Anthony'),
	(45, 'Sports', 'Medium', 'Which country hosted the 2014 Winter Olympics?', 'Russia', 'Switzerland', 'New Zealand', 'Estonia'),
	(46, 'Sports', 'Medium', 'Who won the UEFA Champions League in 2022?', 'Real Madrid', 'Harbor', 'Liverpool', 'Bayern Munchen'),
	(47, 'Sports', 'Medium', 'Which of the following players scored a hat-trick on his Manchester United debut?', 'Wayne Rooney', 'Cristiano Ronaldo', 'David Beckham', 'Paul Scholes'),
	(48, 'Sports', 'Medium', 'Which player holds the NHL record of 2857 points?', 'Wayne Gretzky\'s', 'Mario Lemieux', 'Gordie Howe', 'Jean Beliveau'),
	(49, 'Sports', 'Medium', 'What is the best belt you can get in Taekwondo?', 'Black', 'Yellow', 'Red', 'Purple'),
	(50, 'Sports', 'Medium', 'In a snooker game, what color ball is worth 3 points?', 'Green', 'Red', 'Black', 'Blue'),
	(51, 'Sports', 'Hard', 'Which English football team is nicknamed \'The Tigers\'?', 'AFC Hull City', 'Sheffield United FC', 'Arsenal', 'Chelsea'),
	(52, 'Sports', 'Hard', 'In Canadian football, how many points is scoring a "rouge"?', '1', '3', '2', '10'),
	(53, 'Sports', 'Hard', 'What is the Boston Bruins\' American Hockey League (AHL) affiliate team called?', 'Providence Bruins', 'Green Gruins', 'Wild Bruins', 'Lightning Bruins'),
	(54, 'Sports', 'Hard', 'Who won the 2018 Monaco Grand Prix?', 'Daniel Ricciardo', 'Lewis Hamilton', 'Max Verstappen', 'Fernando Alonso'),
	(55, 'Sports', 'Hard', 'From which country did Kabaddi, a contact sport involving combat, originate?', 'India', 'Egypt', 'Bangladesh', 'Czech Republic'),
	(56, 'Sports', 'Hard', 'How old was Tiger Woods when he won the Masters for the first time?', '21', '19', '23', '27'),
	(57, 'Sports', 'Hard', 'What year was FC Schalke 04 founded?', '1904', '1893', '1910', '1901'),
	(58, 'Sports', 'Hard', 'Which country did England beat in the 1966 FIFA World Cup Final?', 'West Germany', 'USSR', 'Italy', 'France'),
	(59, 'Sports', 'Hard', 'What sport did Fanny Chmelar compete in for Germany?', 'Ski', 'Archery', 'Climbing', 'Volleyball'),
	(60, 'Sports', 'Hard', 'What year was the third Super Bowl held?', '1969', '1953', '1970', '1981'),
	(61, 'General Knowledge', 'Easy', 'What superhero is called Peter Parker?', 'Spider man', 'Batman', 'Hulk', 'Superman'),
	(62, 'General Knowledge', 'Easy', 'Which of the following is not a Christmas carol?', 'Hallelujah', 'Santa Claus is Comin\' to Town', 'Little Drummer Boy', 'Silent Night'),
	(63, 'General Knowledge', 'Easy', 'In the Super Mario video game series, what is Mario\'s brother called?', 'Luigi', 'Waluigi', 'Rosalina', 'Wario'),
	(64, 'General Knowledge', 'Easy', 'How do you say "fish" in French?', 'Poisson', 'Parfois', 'Pitch', 'Pantalon'),
	(65, 'General Knowledge', 'Easy', 'Who was the first person to walk on the moon?', 'Neil Armstrong', 'Michael Collins', 'Laika', 'Lance Armstrong'),
	(66, 'General Knowledge', 'Easy', 'Who was the youngest person to receive a Nobel Prize?', 'Malala Yousafzai', 'Lawrence Bragg', 'Alain Aspect', 'Nadia Murad'),
	(67, 'General Knowledge', 'Easy', 'Earth is part of which galaxy?', 'Milky Way', 'Andromeda galaxy', 'Sunflower Galaxy', 'Large Magellanic Cloud'),
	(68, 'General Knowledge', 'Easy', 'What is the zodiac sign of those born on Valentine\'s Day?', 'Aquarium', 'Capricorn', 'Virgin', 'Fish'),
	(69, 'General Knowledge', 'Easy', '"Golden Anniversary" equals how many years of marriage?', '50', '30', '10', '25'),
	(70, 'General Knowledge', 'Easy', 'How many colors are there in a rainbow?', '7', '10', '5', '12'),
	(71, 'General Knowledge', 'Medium', 'In what year was the EEC (European Economic Community) founded?', '1957', '1966', '1958', '1945'),
	(72, 'General Knowledge', 'Medium', 'What logical fallacy does it mean to attack the opponent\'s character rather than their arguments?', 'Ad hominem', 'Straw man', 'Appeal to authority', 'Ad nauseam'),
	(73, 'General Knowledge', 'Medium', 'What was the cartel led by Pablo Escobar?', 'Medellin Cartel', 'Los Hijos del Diablo', 'Millennium Card', 'Cali Cartel'),
	(74, 'General Knowledge', 'Medium', 'What is the highest number of Michelin stars a restaurant can receive?', '3', '5', '10', '7'),
	(75, 'General Knowledge', 'Medium', 'Which of these countries drives on the left side of the road?', 'South Africa', 'Canada', 'Norway', 'China'),
	(76, 'General Knowledge', 'Medium', 'Which of the following presidents is not on Mount Rushmore?', 'Dwight Eisenhower', 'George Washington', 'Thomas Jefferson', 'Theodore Roosevelt'),
	(77, 'General Knowledge', 'Medium', 'Computer maker Compaq was acquired for $25 billion in 2002 by which company?', 'Hewlett-Packard', 'Toshiba', 'ASUS', 'Dell'),
	(78, 'General Knowledge', 'Medium', 'Apple co-founder Steve Jobs died of complications from which type of cancer?', 'Pancreatic cancer', 'Lung cancer', 'Skin cancer', 'Stomach cancer'),
	(79, 'General Knowledge', 'Medium', 'When was "Facebook" launched?', '2004', '1999', '2006', '2009'),
	(80, 'General Knowledge', 'Medium', 'What is the approximate percentage of water in the human body?', '70%', '50%', '30%', '85%'),
	(81, 'General Knowledge', 'Hard', 'Who invented the first chocolate bar, in 1847?', 'Joseph fry', 'Paul Bocuse', 'Auguste Escoffier', 'Gordon Ramsay'),
	(82, 'General Knowledge', 'Hard', 'Which fast food chain has the most locations in the world?', 'Metro', 'McDonalds', 'Burger King', 'Pizza hut'),
	(83, 'General Knowledge', 'Hard', 'What does the word "aprosexia" mean?', 'Inability to fix attention', 'Hardy or inability to stand', 'Lack of will and/or ability to do something', 'Delusional conviction that one is loved by someone'),
	(84, 'General Knowledge', 'Hard', 'What was the original name of the search engine "Google"?', 'Backrub', 'Spoonfed', 'New', 'Bing'),
	(85, 'General Knowledge', 'Hard', 'What is the rarest blood type in humans?', 'AB-', 'A+', 'O-', 'B+'),
	(86, 'General Knowledge', 'Hard', 'What does the \'S\' stand for SIM, for SIM card?', 'Subscriber', 'Service', 'Socket', 'System'),
	(87, 'General Knowledge', 'Hard', 'In Morse code, which letter is indicated by 3 dots?', 'S', 'P', 'F', 'R'),
	(88, 'General Knowledge', 'Hard', 'In Greek mythology, who was the god of dreams?', 'Morpheus', 'Demeter', 'Apollo', 'Hestia'),
	(89, 'General Knowledge', 'Hard', 'Who was the first person to climb Mount Everest without supplemental oxygen?', 'Reinhold Messner', 'Sir Edmund Hillary', 'Tenzing Norgay', 'George Mallory'),
	(90, 'General Knowledge', 'Hard', 'In what year did the United States enter World War I?', '1917', '1914', '1915', '1918'),
	(91, 'Programming', 'Easy', 'Which of the following is an example of a high-level programming language?', 'Python', 'Machine language', 'Assembly language', 'Binary code'),
	(92, 'Programming', 'Easy', 'What is the result of the following expression: 5 + 3 * 2?', '13', '16', '11', '10'),
	(93, 'Programming', 'Easy', 'Which data type is used to store whole numbers in Python?', 'int', 'float', 'str', 'Bool'),
	(94, 'Programming', 'Easy', 'What does HTML stand for?', 'Hypertext Markup Language', 'Hyperlinks and Text Markup Language', 'Home Tool Markup Language', 'High-level Text Markup Language'),
	(95, 'Programming', 'Easy', 'Which keyword is used to define a function in Python?', 'def', 'class', 'Var', 'Function'),
	(96, 'Programming', 'Easy', 'What is the output of the following code snippet in Python? my_list = [1, 2, 3, 4, 5] print(my_list[2])', '3', '2', '1', '4'),
	(97, 'Programming', 'Easy', 'Which of the following is an example of a relational operator in Python?', '==', '%', '*', '&&'),
	(98, 'Programming', 'Easy', 'Which loop in Python is used to iterate a specific number of times?', 'For loop', 'While loop', 'do-while loop', 'repeat-until loop'),
	(99, 'Programming', 'Easy', 'In JavaScript, which function is used to display a message in the browser console?', 'log()', 'Alert()', 'Print()', 'display()'),
	(100, 'Programming', 'Easy', 'Which of the following is NOT a valid data type in Java?', 'String', 'double', 'char', 'Int'),
	(101, 'Programming', 'Medium', 'What is the output of the following code snippet in Python? x = 10 y = 5 print(x % y)', '1', '0', '5', '2'),
	(102, 'Programming', 'Medium', 'In object-oriented programming, what is the process of creating an instance of a class called?', 'Instantiation', 'Inheritance', 'Polymorphism', 'Encapsulation'),
	(103, 'Programming', 'Medium', 'Which of the following is an example of a sorting algorithm?', 'Bubble Sort', 'Depth-first search', 'Breadth-first search', 'Binary search'),
	(104, 'Programming', 'Medium', 'What does the acronym SQL stand for?', 'Structured Query Language', 'Standard Query Language', 'Simple Query Language', 'System Query Language'),
	(105, 'Programming', 'Medium', 'In Python, which module can be used to work with dates and times?', 'datetime', 'timeit', 'math', 'Calendar'),
	(106, 'Programming', 'Medium', 'What is the result of the following code snippet in JavaScript?  console.log("5" + 2)"', '52', '7', '7', 'Error'),
	(107, 'Programming', 'Medium', 'In Java, which keyword is used to create a subclass that inherits properties from a superclass?', 'extends', 'this', 'new', 'super'),
	(108, 'Programming', 'Medium', 'What is the purpose of the "else" statement in an if-else statement?', 'It provides an alternative action when the condition is false.', 'It defines the condition to be checked.', 'It specifies the action to be performed.', 'It terminates the if-else statement.'),
	(109, 'Programming', 'Medium', 'Which of the following is a valid way to declare a constant variable in C++?', 'const int x;', 'int constant x;', 'final int x;', 'int x = constant;'),
	(110, 'Programming', 'Medium', 'What is the term for a function that calls itself directly or indirectly in its own body?', 'Recursive function', 'Iterative function', 'Callback function', 'Lambda function'),
	(111, 'Programming', 'Hard', 'Which of the following sorting algorithms has the worst time complexity in the average case?', 'Insertion sort', 'Quick sort', 'Merge sort', 'Heap sort'),
	(112, 'Programming', 'Hard', 'In Python, what does the *args parameter signify in a function definition?', 'It represents a tuple of positional arguments.', 'It allows passing a variable number of keyword arguments.', 'It represents a dictionary of keyword arguments.', 'It denotes a function that takes no arguments.'),
	(113, 'Programming', 'Hard', 'What is the time complexity of searching for an element in a binary search tree (BST)?', 'O(log n)', 'O(1)', 'O(n)', 'O(n log n)'),
	(114, 'Programming', 'Hard', 'In Java, which access modifier allows a member to be accessed within the same package and by subclasses in other packages?', 'protected', 'public', 'private', 'Default'),
	(115, 'Programming', 'Hard', 'What does the term "race condition" refer to in concurrent programming?', 'A situation where two threads compete to access shared resources, leading to unexpected results.', 'The time it takes for a thread to execute a task before another thread starts.', 'The number of threads that can execute in parallel on a multi-core processor.', 'The process of synchronizing threads to ensure they execute in a specific order.'),
	(116, 'Programming', 'Hard', 'What is the purpose of a nonce in cryptography?', 'It prevents replay attacks by providing a unique value in each message', 'It is used to generate random numbers.', 'It ensures that the same plaintext always encrypts to the same ciphertext.', 'It represents a secret key shared between two communicating parties.'),
	(117, 'Programming', 'Hard', 'In Python, what is the key difference between a list and a tuple?', 'Lists are mutable, while tuples are immutable.', 'Tuples can store elements of different data types, while lists can only store elements of the same data type.', 'Lists are indexed from 0, while tuples are indexed from 1.', 'Tuples have a fixed length, while lists can grow or shrink dynamically.'),
	(118, 'Programming', 'Hard', 'Which of the following is an example of a regular expression pattern to match an email address?', '^[A-Za-z0-9]+@[A-Za-z0-9]+.[A-Za-z]{2,4}$', '[0-9]{3}-[0-9]{4}', '^[A-Z]+$', '[a-z]+\\d{2}'),
	(119, 'Programming', 'Hard', 'What is the purpose of the "volatile" keyword in Java?', 'It ensures atomicity of a variable access in a multithreaded environment.', 'It provides a way to define constants in Java.', 'It specifies that a variable cannot be modified after initialization.', 'It represents a type of variable used in functional programming.'),
	(120, 'Programming', 'Hard', 'In object-oriented programming, what is the term for combining data and methods into a single unit?', 'Encapsulation', 'Inheritance', 'Polymorphism', 'Abstraction'),
	(121, 'World History', 'Easy', 'Who is credited with discovering America in 1492?', 'Christopher Columbus', 'Vasco da Gama', 'Ferdinand Magellan', 'Marco Polo'),
	(122, 'World History', 'Easy', 'Which event marked the start of World War I?', 'Assassination of Archduke Franz Ferdinand', 'Treaty of Versailles', 'Battle of Stalingrad', 'D-Day invasion'),
	(123, 'World History', 'Easy', 'Who was the leader of the Soviet Union during World War II?', 'Joseph Stalin', 'Vladimir Lenin', 'Nikita Khrushchev', 'Mikhail Gorbachev'),
	(124, 'World History', 'Easy', 'Which ancient civilization built the Great Pyramids of Giza?', 'Ancient Egyptians', 'Ancient Greeks', 'Ancient Romans', 'Ancient Mayans'),
	(125, 'World History', 'Easy', 'What was the name of the conflict between the United States and the Soviet Union from 1947 to 1991?', 'Cold War', 'World War II', 'Korean War', 'Vietnam War'),
	(126, 'World History', 'Easy', 'Which document outlined the fundamental principles of the United States, including the rights to life, liberty, and the pursuit of happiness?', 'Declaration of Independence', 'Magna Carta', 'Constitution of the United States', 'Bill of Rights'),
	(127, 'World History', 'Easy', 'Who was the leader of Nazi Germany during World War II?', 'Adolf Hitler', 'Benito Mussolini', 'Winston Churchill', 'Joseph Stalin'),
	(128, 'World History', 'Easy', 'Which city was the capital of the Byzantine Empire?', 'Constantinople', 'Athens', 'Rome', 'Alexandria'),
	(129, 'World History', 'Easy', 'Who is known for his theory of relativity and is considered one of the greatest physicists of all time?', 'Albert Einstein', 'Isaac Newton', 'Galileo Galilei', 'Marie Curie'),
	(130, 'World History', 'Easy', 'Which historical event led to the reunification of Germany in 1990?', 'Fall of the Berlin Wall', 'French Revolution', 'Cuban Missile Crisis', 'Russian Revolution'),
	(131, 'World History', 'Medium', 'Who was the first female Prime Minister of the United Kingdom?', 'Margaret Thatcher', 'Angela Merkel', 'Golda Meir', 'Indira Gandhi'),
	(132, 'World History', 'Medium', 'The Renaissance, a period of great cultural and intellectual growth, originated in which country?', 'Italy', 'France', 'England', 'Greece'),
	(133, 'World History', 'Medium', 'Which ancient civilization was responsible for the construction of Machu Picchu?', 'Incas', 'Aztecs', 'Mayans', 'Egyptians'),
	(134, 'World History', 'Medium', 'Who led the civil rights movement in the United States and is famous for his "I Have a Dream" speech?', 'Martin Luther King Jr.', 'Malcom X', 'Rosa Parks', 'Nelson Mandela'),
	(135, 'World History', 'Medium', 'The Treaty of Versailles, signed in 1919, officially ended which major conflict?', 'World War I', 'World War II', 'Korean War', 'Vietnam War'),
	(136, 'World History', 'Medium', 'Who was the first President of the United States?', 'George Washington', 'Thomas Jefferson', 'John Adams', 'Abraham Lincoln'),
	(137, 'World History', 'Medium', 'The French Revolution, which began in 1789, was a major turning point in European history. Which event marked the start of the French Revolution?', 'Storming of the Bastille', 'Reign of Terror', 'Battle of Waterloo', 'Execution of Louis XVI'),
	(138, 'World History', 'Medium', 'Who was the last czar of Russia, overthrown during the Russian Revolution of 1917?', 'Nicholas II', 'Vladimir Lenin', 'Joseph Stalin', 'Leon Trotsky'),
	(139, 'World History', 'Medium', 'The Berlin Conference of 1884-1885 resulted in the division of which continent among European powers?', 'Africa', 'Asia', 'South America', 'Australia'),
	(140, 'World History', 'Medium', 'The Holocaust, a genocide during World War II, primarily targeted which group of people?', 'Jews', 'Africans', 'Native Americans', 'Asians'),
	(141, 'World History', 'Medium', 'The Battle of Waterloo, a significant event in European history, marked the final defeat of which military leader?', 'Napoleon Bonaparte', 'Julius Caesar', 'Alexander the Great', 'Genghis Khan'),
	(142, 'World History', 'Hard', 'The Great Leap Forward, a campaign initiated by Mao Zedong, took place in which country?', 'China', 'India', 'Japan', 'Russia'),
	(143, 'World History', 'Hard', 'The Opium Wars in the 19th century involved conflicts between China and which other countries?', 'Britain and France', 'France and Spain', 'Germany and Italy', 'United States and Russia'),
	(144, 'World History', 'Hard', 'The Treaty of Tordesillas, signed in 1494, divided newly discovered lands outside of Europe between which two countries?', 'Spain and Portugal', ' England and France', ' Italy and Greece', 'Germany and Austria'),
	(145, 'World History', 'Hard', 'The Suez Crisis of 1956 was a dispute over control of the Suez Canal involving which nations?', 'Egypt and Israel', 'United States and Soviet Union', 'France and Germany', 'United Kingdom and Egypt'),
	(146, 'World History', 'Hard', 'Who was the architect behind the construction of St. Peter\'s Basilica in the Vatican City?', 'Michelangelo', 'Leonardo da Vinci', 'Donatello', 'Raphael'),
	(147, 'World History', 'Hard', 'The Thirty Years\' War, fought in the 17th century, primarily took place in which region of Europe?', 'Central Europe', 'Scandinavia', 'Iberian Peninsula', 'Balkans'),
	(148, 'World History', 'Hard', 'The May Fourth Movement of 1919 was a protest movement that emerged in response to which event?', 'Treaty of Versailles', 'Chinese Revolution', 'Russian Revolution', 'Indian Independence Movement'),
	(149, 'World History', 'Hard', 'The Balfour Declaration, issued in 1917, expressed British support for the establishment of a homeland for which people?', 'Jews', 'Palestinians', 'Kurds', 'Armenians'),
	(150, 'World History', 'Hard', 'The Cuban Missile Crisis in 1962 was a tense standoff between the United States and which other country?', 'Soviet Union', 'China', 'Cuba', 'North Korea'),
	(151, 'Riddles', 'Easy', 'I speak without a mouth and hear without ears. I have no body, but I come alive with wind. What am I?', 'Echo', 'Cloud', 'Whistle', 'Music'),
	(152, 'Riddles', 'Easy', 'I am taken from a mine and shut in a wooden case from which I am never released. What am I?', 'Coal', 'Gold', 'Diamond', 'Pencil lead'),
	(153, 'Riddles', 'Easy', 'I can be cracked, made, told, and played. What am I?', 'Riddle', 'Joke', 'Code', 'Music'),
	(154, 'Riddles', 'Easy', 'What has keys but can\'t open locks?', 'Computer Keyboard', 'Piano', 'Map', 'Calculator'),
	(155, 'Riddles', 'Easy', 'What goes up but never comes down?', 'Age', 'Balloon', 'Stairs', 'Elevator'),
	(156, 'Riddles', 'Easy', 'I am full of holes but still holds water. What am I?', 'Sponge', 'Teapot', 'Colander', 'Sieve'),
	(157, 'Riddles', 'Easy', 'I have cities but no houses, forests but no trees, and rivers but no water. What am I?', 'Map', 'Globe', 'Book', 'Puzzle'),
	(158, 'Riddles', 'Easy', 'The more you take, the more you leave behind. What am I?', 'Footsteps', 'Time', 'Memories', 'Darkness'),
	(159, 'Riddles', 'Easy', 'I have a heart that doesn\'t beat. What am I?', 'Painting', 'Clock', 'Robot', 'Stone'),
	(160, 'Riddles', 'Easy', 'What can you hold in your right hand but never in your left hand?', 'A glove', 'Your left hand', 'Air', 'A mirror'),
	(161, 'Riddles', 'Medium', 'I can be seen during the day, but not at night. I am the brightest star in the sky. What am I?', 'Sun', 'Moon', 'Venus', 'North Star'),
	(162, 'Riddles', 'Medium', 'I have branches, but no leaves or fruit. I connect people and provide knowledge. What am I?', 'Library', 'School', 'Telephone', 'Internet'),
	(163, 'Riddles', 'Medium', 'I can fly without wings. I can cry without eyes. Wherever I go, darkness follows me. What am I?', 'Shadow', 'Wind', 'Ghost', 'Echo'),
	(164, 'Riddles', 'Medium', 'I have keys but can\'t open any doors. I contain information, but no physical substance. What am I?', 'Password', 'Book', 'Cell Phone', 'Diary'),
	(165, 'Riddles', 'Medium', 'I have keys but no locks. I have space but no room. You can enter but can\'t go outside. What am I?', 'Keyboard', 'Calculator', 'Website', 'Database'),
	(166, 'Riddles', 'Medium', 'I have a heart that doesn\'t beat. What am I?', 'Painting', 'Clock', 'Robot', 'Stone'),
	(167, 'Riddles', 'Medium', 'I have branches, but no fruit, trunk, or leaves. What am I?', 'Family tree', 'River', 'Road', 'Library'),
	(168, 'Riddles', 'Medium', 'What is the largest planet in the solar system?', 'Jupiter', 'Earth', 'Venus', 'Mars'),
	(169, 'Riddles', 'Medium', 'Who painted the Mona Lisa?', 'Leonardo da Vinci', 'Pablo picasso', 'Monet', 'Vicent van Gogh'),
	(170, 'Riddles', 'Medium', 'What is the capital of Canada?', 'Ottawa', 'Toronto', 'Vancouver', 'Montreal'),
	(171, 'Riddles', 'Hard', 'What is the tallest mountain in the world?', 'Mount Everest', 'Mount Kilimanjaro', 'Mount Fuji', 'Mount Denali'),
	(172, 'Riddles', 'Hard', 'What is the largest ocean in the world?', 'Pacific Ocean', 'Atlantic Ocean', 'Indian Ocean', 'Artic Ocean'),
	(173, 'Riddles', 'Hard', 'What is the fastest land animal?', 'Cheetah', 'Lion', 'Wolf', 'Elephant'),
	(174, 'Riddles', 'Hard', 'Who wrote the play "Romeo and Juliet"?', 'William Shakespeare', 'Oscar Wilde', 'Tennessee Williams', 'Anton Chekhov'),
	(175, 'Riddles', 'Hard', 'Which country has the largest population in the world?', 'China', 'Brazil', 'United States', 'India'),
	(176, 'Riddles', 'Hard', 'What is the speed of light in a vacuum?', '300,000 km/s', '150,000 km/s', '500,000 km/s', '200,000 km/s'),
	(177, 'Riddles', 'Hard', 'Who was the first man to walk on the moon?', 'Neil Armstrong', 'Buzz Aldrin', 'Yuri Gagarin', 'Alan Shepard'),
	(178, 'Riddles', 'Hard', 'What is the most popular keyboard instrument in the world?', 'Piano', 'Violin', 'Flute', 'Guitar'),
	(179, 'Riddles', 'Hard', 'What is the longest mountain range in the world?', 'Andes Mountains', 'Rocky Mountains', 'Himalayas', 'Apennine Mountains'),
	(180, 'Riddles', 'Hard', 'Who is the author of the book "1984"?', 'George Orwell', 'Aldous Huxley', 'Ray Bradbury', 'J.R.R. Tolkien'),
	(181, 'Science', 'Easy', 'Oil, natural gas and coal are examples of energy source?', 'Fossil Fuels', 'Renewable energies', 'Biofuels', 'Hydric Energies'),
	(182, 'Science', 'Easy', 'Optics is the study of what?', 'Light', 'Magnetic Fields', 'Momentum', 'Energy'),
	(183, 'Science', 'Easy', 'What is the Hardest natural substance on Earth?', 'Diamond', 'Steel', 'Iron', 'Graphene'),
	(184, 'Science', 'Easy', 'How many teeth does an adult human have? ', '32', '30', '28', '34'),
	(185, 'Science', 'Easy', 'What is the process of breaking down food called?', 'Digestion', 'Reproduction', 'Respiration', 'Excretion'),
	(186, 'Science', 'Easy', 'Who invented the telephone?', 'Alexander Graham Bell', 'Nikola Tesla', 'Albert Einstein', 'Thomas Edison'),
	(187, 'Science', 'Easy', 'Which constellation represents a hunter and weapons?', 'Orion', 'Perseus', 'Cassiopeia', 'Ursa Major'),
	(188, 'Science', 'Easy', 'What do you call a large group of stars, dust, and gas?', 'Galaxy', 'System', 'Black Hole', 'Constellation'),
	(189, 'Science', 'Easy', 'Yellow fever, malaria and dengue are diseases carried by which of these?', 'Mosquitoes', 'Pigeons', 'Cockroaches', 'Rats'),
	(190, 'Science', 'Easy', 'At room temperature, what state of matter are most metals in their pure state?', 'Solid', 'Gaseous', 'Liquid', 'None of these'),
	(191, 'Science', 'Medium', 'What is the rarest blood type?', 'AB-', 'A+', 'O+', 'B-'),
	(192, 'Science', 'Medium', 'How many bones do sharks have in their bodies?', '0', '50', '100', '150'),
	(193, 'Science', 'Medium', 'Which is the hottest planet in the solar system?', 'Venus', 'Mars', 'Mercury', 'Jupiter'),
	(194, 'Science', 'Medium', 'What is a function of red blood cells?', 'Carry oxygen and carbon dioxide', ' Produce bile', 'Produce hormones', 'Carry saliva'),
	(195, 'Science', 'Medium', 'If I fractured my scapula, what part of my body is affected the most?', 'Shoulder', 'Pelvis', 'Knee', 'Toe'),
	(196, 'Science', 'Medium', 'What is the most prevalent noncontagious disease?', 'Tooth Decay', 'Diabetes ', 'Malaria', 'Eczema'),
	(197, 'Science', 'Medium', 'Who formulated the geocentric theory?', 'Ptolemy', 'Galileu Galilei', 'Newton', 'Copernicus'),
	(198, 'Science', 'Medium', 'What kind of  eclipse happens when the Earth is directly between the Sun and the Moon?', 'Lunar', 'Transit', 'Solar', 'Inferior conjunction'),
	(199, 'Science', 'Medium', 'What is the highest mountain on Earth, measured conventionally from sea level?', 'Everest', 'Mauna Kea', 'K2', 'McKinley'),
	(200, 'Science', 'Medium', 'The deepest depression on the Earth is called what?', 'Marianas Trench', 'Java Trench', 'Eurasia basin', 'Puerto Rico Trench'),
	(201, 'Science', 'Hard', 'Which of these could cause the leaves on a green plant to turn purple?', 'A lack of nutrients in the soil', 'Exposure to too much sunlight.', 'Plastic poisoning', 'Polluted sea water'),
	(202, 'Science', 'Hard', ' What is the axial tilt of the Earth?', '23.5 degrees', '24.5 degrees', '19 degrees', '22.2 degrees'),
	(203, 'Science', 'Hard', 'What is studied in forensic palynology?', 'Pollens and spores', 'Fossilised micro-organisms', 'Soils', 'Diatoms'),
	(204, 'Science', 'Hard', 'Lobsters, crabs, and shrimp all belong to what group of animals?', 'Arthropods', 'Icthyata', 'Chordata', 'Paella'),
	(205, 'Science', 'Hard', 'Which of the following is found within mitochondria?', 'Cristae', 'Golgi apparatus', 'Endoplasmic Reticulum', 'Patella'),
	(206, 'Science', 'Hard', 'In DNA, adenine pairs with thymine. But in RNA, what replaces thymine?', 'Uracil', 'Cytosine', 'Guanine', 'It\'s still thymine'),
	(207, 'Science', 'Hard', 'pH measures the presence of what ions?', 'Hydrogen and hydroxide', 'Hydrogen and carbonate', 'Hydrogen and oxygen', 'Hydrogen and nitrogen'),
	(208, 'Science', 'Hard', 'Absolute temperature is measured in which of these units?', 'Kelvin', 'Celsius', 'Centigrade', 'Fahrenheit'),
	(209, 'Science', 'Hard', 'Which of these is the SI unit of electric charge?', 'Coulomb', 'Volt', 'Watt', 'Ampere'),
	(210, 'Science', 'Hard', 'What on earth does a restriction enzyme do?', 'Cuts DNA at specific sites', 'Restricts transcription', 'Prevents DNA from replicating', 'Unknown'),
	(211, 'Music', 'Easy', 'Who was the lead singer of Nirvana?', 'Kurt Cobain', 'Chris Cornell', 'Dave Grohl', 'Krist Novoselic'),
	(212, 'Music', 'Easy', '‘Wuthering Heights’ was the first UK number one for which artist?', 'Kate Bush', 'Tori Amos', 'PJ Harvey', 'Joni Mitchell'),
	(213, 'Music', 'Easy', 'Justin Timberlake was a member of which band?', 'NSYNC', 'Blue', 'Backstreet Boys', 'Hanson'),
	(214, 'Music', 'Easy', 'Which nation won the Eurovision Song Contest 2022?', 'Ukraine', 'Netherlands', 'France', 'Sweden'),
	(215, 'Music', 'Easy', 'Who released the hit song \'Oops!... I Did It Again\'?', 'Britney Spears', 'Christina Aguilera', 'Destiny\'s Child', 'Alanis Morissette'),
	(216, 'Music', 'Easy', 'Which music legend won the Nobel Prize for literature in 2016?', 'Bob Dylan', 'Leonard Cohen', 'Elton John', 'Bruce Springsteen'),
	(217, 'Music', 'Easy', 'Complete the first line of the Bill Withers hit: "Ain\'t no sunshine..."', 'when she\'s gone', 'where I live', 'when it\'s raining', 'in the dark'),
	(218, 'Music', 'Easy', '‘Red’, ‘1989’ and ‘Folklore’ are all albums by which pop artist?', 'Taylor Swift', 'Ariana Grande', 'Selena Gomez', 'Demi Lovato'),
	(219, 'Music', 'Easy', 'Who originally recorded the classic ballad I Will Always Love You in 1973?', 'Whitney Houston', 'Tina Turner', 'Mariah Carey', 'Kate Bush'),
	(220, 'Music', 'Easy', 'Singer Fergie was previously a member of which hip hop group?', 'Black Eyed Peas', 'Pussycat Dolls', 'Destiny\'s Child', 'Sugababes'),
	(221, 'Music', 'Medium', 'How many awards did Olivia Rodrigo win at the 2022 Grammy Awards?', '3', '5', '1', 'None'),
	(222, 'Music', 'Medium', 'Which rapper had a hit with ‘Gangster’s Paradise’ in 1995?', 'Coolio', 'Tupac Shakur', 'The Notorious B.I.G.', 'Jay-Z'),
	(223, 'Music', 'Medium', 'Ozzy Osbourne was the lead singer for which heavy metal band?', 'Black Sabath', 'Judas Priest', 'Deep Purple', 'Iron Maiden'),
	(224, 'Music', 'Medium', '‘Firestarter’ was a UK number one single for which group?', 'The Prodigy', 'Green Day', 'The Offspring', 'Sum 41'),
	(225, 'Music', 'Medium', 'Which 80s group, featuring Phil Collins, reunited in 2020?', 'Genesis', 'King Crimson', 'The Police', 'Yes'),
	(226, 'Music', 'Medium', 'In what year were the hit songs Uptown Funk, Bad Blood, Chandelier and Fancy released?', '2014', '2018', '2016', '2015'),
	(227, 'Music', 'Medium', 'Rock band AC/DC originates from which country?', 'Australia', 'United States', 'France', 'United Kingdom'),
	(228, 'Music', 'Medium', 'What is Irish musician Hozier\'s real name?', 'Andrew Hozier-Byrne', 'Ben Howard', 'Louie Hozier', 'Sam Smith-Hozier'),
	(229, 'Music', 'Medium', 'Which singer had a charts resurgence after one of her songs was heard in Stranger Things?', 'Kate Bush', 'Janis Joplin', 'Phil Colllins', 'Damon Albarn'),
	(230, 'Music', 'Medium', 'Which Bob Dylan song did Adele include on her first album?', 'Make You Feel My Love', 'End Of The Line', 'Hurricane', 'Mr. Tambourine Man'),
	(231, 'Music', 'Hard', 'Roger Taylor is the drummer in which band?', 'Queen', 'Rolling Stones', 'AC/DC', 'Guns N\' Roses'),
	(232, 'Music', 'Hard', 'Arctic Monkeys formed in which UK city?', 'Sheffield', 'Cambridge', 'London', 'Bristol'),
	(233, 'Music', 'Hard', 'According to Katie Melua, how many bicycles are there in Beijing?', '9 million', '90', '100', '9000'),
	(234, 'Music', 'Hard', 'In what decade was American jazz trumpeter Miles Davis born?', '1920', '1930', '1940', '1950'),
	(235, 'Music', 'Hard', 'Rockstar David Howell Evans is better known by what name?', 'The Edge', 'The Boss', 'The One', 'The Best'),
	(236, 'Music', 'Hard', 'What was the name of the band formed by Jack Bruce, Eric Clapton, and Ginger Baker?', 'Cream', 'Soda', 'The Birds', 'Wham!'),
	(237, 'Music', 'Hard', 'Which prison did Johnny Cash famously sing about in his 1955 song?', 'Folsom Prison', 'Leeds Prison', 'Florida Prison', 'Thompson Prison'),
	(238, 'Music', 'Hard', 'Which talent show judge managed Westlife?', 'Louis Walsh', 'Howie Mandel', 'Simon Cowell', 'Howard Stern'),
	(239, 'Music', 'Hard', 'How many members are there in South Korean mega boyband BTS?', '7', '4', '5', '6'),
	(240, 'Music', 'Hard', 'Knights in White Satin was a 1967 hit for which band?', 'The Moody Blues', 'The Byrds', 'The Beatles', 'The Rolling Stones'),
	(241, 'Movies', 'Easy', 'In what 1976 thriller does Robert De Niro famously say "You talkin\' to me?"', 'Taxi Driver', 'Meet the Fockers', '15 Minutes', 'The Untouchables'),
	(242, 'Movies', 'Easy', 'What Hollywood movie star plays himself in Zombieland?', 'Bill Murray', 'Woody Harrelson', 'Jesse Eisenberg', 'Emma Stone'),
	(243, 'Movies', 'Easy', 'What 1994 crime film revitalized John Travolta\'s career?', 'Pulp Fiction', 'White Man\'s Burden', 'Grease', 'Urban Cowboy'),
	(244, 'Movies', 'Easy', 'In Apocalypse Now, Robert Duvall says, "I love the smell of _____ in the morning."', 'Napalm', 'Gunpowder', 'Bread', 'Blood'),
	(245, 'Movies', 'Easy', 'Which Alfred Hitchcock thriller is notorious for its shocking "shower scene"?', 'Psycho', 'Torn Curtain', 'The Birds', 'Marnie'),
	(246, 'Movies', 'Easy', 'Who played detective Rick Deckard in Blade Runner?', 'Harrison Ford', 'Ben Stiller', 'Ryan Gosling', 'Anthony Hopkins'),
	(247, 'Movies', 'Easy', 'Who is the first  woman of color to win the Oscar for Best Actress?', 'Halle Berry', 'Viola Davis', 'Taraji P. Henson', 'Gabrielle Union'),
	(248, 'Movies', 'Easy', 'Which movie star is killed off in the opening scene of Scream?', 'Drew Barrymore', 'Pamela Anderson', 'Sandra Bullock', 'Jessica Biel'),
	(249, 'Movies', 'Easy', 'What kind of bug is on the back of Ryan Gosling’s silk jacket in Drive?', 'Scorpion', 'Tiger', 'Crocodile', 'Panter'),
	(250, 'Movies', 'Easy', 'What is the first foreign-language movie to win the Oscar for Best Picture?', 'Parasite', 'Worm', 'Bug', 'Lizard'),
	(251, 'Movies', 'Medium', 'What are the dying words of Charles Foster Kane in Citizen Kane?', 'Rosebud', 'Hasta la vista', 'See you on the other side', 'It\'s been a good one'),
	(252, 'Movies', 'Medium', 'What was the first feature-length animated movie ever released?', 'Snow White and the Seven Dwarfs', 'Cinderella', 'Sleeping Beauty', 'Red Riding Hood'),
	(253, 'Movies', 'Medium', 'For what movie did Steven Spielberg win his first Oscar for Best Director?', 'Schindler\'s List ', 'E.T. the Extra-Terrestrial', 'The Goonies', 'Back to the Future'),
	(254, 'Movies', 'Medium', 'Who is the only actor to receive an Oscar nomination for acting in a Lord of the Rings movie?', 'Ian McKellen', 'Orlando Bloom', 'Sean Bean', 'Alan Howard'),
	(255, 'Movies', 'Medium', 'What\'s the name of Charlie Chaplin\'s most famous, recurring character?', 'The Tramp', 'The Lamb', 'The Stone', 'The Stan'),
	(256, 'Movies', 'Medium', 'Who is the first actor to play Jack Ryan on screen?', 'Alec Baldwin', 'Bruce Willis', 'Matt Damon', 'Leonardo DiCaprio'),
	(257, 'Movies', 'Medium', 'What is the real name of Uma Thurman\'s "The Bride" character from Kill Bill?', 'Beatrix Kiddo', 'Blair Kim', 'Birdie Klaus', 'Bonnie Klose'),
	(258, 'Movies', 'Medium', 'What 1970 movie marked the feature debut of Arnold Schwarzenegger?', 'Hercules in New York ', 'Terminator', 'Predator', 'Raw Deal'),
	(259, 'Movies', 'Medium', 'How many Oscars has Meryl Streep won?', '3', '0', '1', '2'),
	(260, 'Movies', 'Medium', 'What Martin Scorsese movie holds the all-time record for F-bombs?', 'The Wolf of Wall Street ', 'The Irishman', 'Hugo', 'Shutter Island'),
	(261, 'Movies', 'Hard', 'What is the first fantasy movie to win Best Picture at the Oscars?', 'The Lord of the Rings: The Return of the King', 'Harry Potter and the Prisoner of Azkaban', 'The Hunger Games', 'Edward Scisorhands'),
	(262, 'Movies', 'Hard', 'In what 1950 drama does Bette Davis say, "Fasten your seatbelts; it\'s going to be a bumpy night"?', 'All About Eve', 'Cheaper by the Dozen', 'Young Man with a Horn', 'Vendetta'),
	(263, 'Movies', 'Hard', 'What is the highest-grossing foreign-language film at the U.S. box office?', 'The Passion of the Christ', 'Kill Bill', 'The Prestige', 'Titanic'),
	(264, 'Movies', 'Hard', 'What prominent American director won an Oscar for helming Forrest Gump?', 'Robert Zemeckis', 'Robert Altman', 'Robert Plant', 'Ron Swanson'),
	(265, 'Movies', 'Hard', 'How many suns does Luke\'s home planet of Tatooine have in Star Wars?', '2', '4', '6', '7'),
	(266, 'Movies', 'Hard', 'What is the only X-rated film to win Best Picture at the Oscars?', 'Midnight Cowboy ', 'Midnight City', 'Midnight Noon', 'Midnight Rain'),
	(267, 'Movies', 'Hard', 'What\'s the fictional brand of cigarettes in Quentin Tarantino\'s movies?', 'Red Apple Cigarettes', 'Blue Moon Cigarettes', 'Yellow Banana Cigarettes', 'Green Pear Cigarettes'),
	(268, 'Movies', 'Hard', 'What is the name of Riley\'s imaginary friend in Inside Out?', 'Bing Bong', 'King Kong', 'Ding Dong', 'Sing Song'),
	(269, 'Movies', 'Hard', ' For what movie did George Clooney win his sole acting Oscar to date?', 'Syriana ', 'The Descendants', 'Gravity', 'Fantastic Mr. Fox'),
	(270, 'Movies', 'Hard', 'Who played Regan MacNeil in The Exorcist?', 'Linda Blair', 'Linda Cardellini', 'Linda Fiorentino', 'Linda Evans');

-- Dumping structure for table majiquiz_db.scores
CREATE TABLE IF NOT EXISTS `scores` (
  `id` bigint(20) unsigned NOT NULL AUTO_INCREMENT,
  `user_id` bigint(20) unsigned NOT NULL,
  `category` varchar(255) NOT NULL,
  `difficulty` varchar(255) NOT NULL,
  `score` int(11) NOT NULL,
  `created_at` timestamp NULL DEFAULT NULL,
  `updated_at` timestamp NULL DEFAULT NULL,
  PRIMARY KEY (`id`),
  KEY `scores_user_id_foreign` (`user_id`),
  CONSTRAINT `scores_user_id_foreign` FOREIGN KEY (`user_id`) REFERENCES `users` (`id`) ON DELETE CASCADE
) ENGINE=InnoDB AUTO_INCREMENT=30 DEFAULT CHARSET=utf8mb4 COLLATE=utf8mb4_unicode_ci;

-- Dumping data for table majiquiz_db.scores: ~29 rows (approximately)
INSERT INTO `scores` (`id`, `user_id`, `category`, `difficulty`, `score`, `created_at`, `updated_at`) VALUES
	(1, 1, 'General Knowledge', 'Easy', 27, '2023-08-23 17:16:24', '2023-08-23 17:16:24'),
	(2, 3, 'Programming', 'Easy', 13, '2023-08-23 17:22:38', '2023-08-23 17:22:38'),
	(3, 4, 'Science', 'Hard', 13, '2023-08-24 09:35:51', '2023-08-24 09:35:51'),
	(4, 4, 'Science', 'Hard', 13, '2023-08-24 09:36:07', '2023-08-24 09:36:07'),
	(5, 4, 'Music', 'Medium', 20, '2023-08-24 09:37:38', '2023-08-24 09:37:38'),
	(6, 4, 'Movies', 'Easy', 60, '2023-08-24 09:38:22', '2023-08-24 09:38:22'),
	(7, 1, 'Geography', 'Medium', 20, '2023-08-24 09:38:55', '2023-08-24 09:38:55'),
	(8, 1, 'Sports', 'Hard', 13, '2023-08-24 09:39:13', '2023-08-24 09:39:13'),
	(9, 3, 'Programming', 'Medium', 47, '2023-08-24 09:39:50', '2023-08-24 09:39:50'),
	(10, 3, 'World history', 'Hard', 29, '2023-08-24 09:40:11', '2023-08-24 09:40:11'),
	(11, 3, 'World history', 'Hard', 50, '2023-08-24 09:40:26', '2023-08-24 09:40:26'),
	(12, 3, 'Riddles', 'Easy', 20, '2023-08-24 09:40:39', '2023-08-24 09:40:39'),
	(13, 3, 'Riddles', 'Hard', 33, '2023-08-24 09:41:05', '2023-08-24 09:41:05'),
	(14, 4, 'Programming', 'Medium', 0, '2023-08-24 09:42:38', '2023-08-24 09:42:38'),
	(15, 3, 'Riddles', 'Easy', 98, '2023-08-24 09:42:38', '2023-08-24 09:42:38'),
	(16, 2, 'World History', 'Hard', 77, '2023-08-24 09:42:38', '2023-08-24 09:42:38'),
	(17, 3, 'Sports', 'Medium', 45, '2023-08-24 09:42:38', '2023-08-24 09:42:38'),
	(18, 1, 'Movies', 'Easy', 65, '2023-08-24 09:42:38', '2023-08-24 09:42:38'),
	(19, 3, 'Science', 'Hard', 34, '2023-08-24 09:42:38', '2023-08-24 09:42:38'),
	(20, 2, 'General Knowledge', 'Medium', 83, '2023-08-24 09:42:38', '2023-08-24 09:42:38'),
	(21, 4, 'Music', 'Easy', 28, '2023-08-24 09:42:38', '2023-08-24 09:42:38'),
	(22, 1, 'General Knowledge', 'Easy', 7, '2023-08-24 10:24:04', '2023-08-24 10:24:04'),
	(23, 1, 'Riddles', 'Easy', 7, '2023-08-24 10:38:06', '2023-08-24 10:38:06'),
	(24, 1, 'General Knowledge', 'Easy', 13, '2023-08-24 12:46:25', '2023-08-24 12:46:25'),
	(25, 5, 'General Knowledge', 'Easy', 0, '2023-08-24 12:54:17', '2023-08-24 12:54:17'),
	(26, 5, 'General Knowledge', 'Easy', 7, '2023-08-24 12:59:17', '2023-08-24 12:59:17'),
	(27, 5, 'General Knowledge', 'Easy', 13, '2023-08-24 13:07:38', '2023-08-24 13:07:38'),
	(28, 5, 'General Knowledge', 'Easy', 0, '2023-08-24 13:07:46', '2023-08-24 13:07:46'),
	(29, 5, 'General Knowledge', 'Easy', 0, '2023-08-24 13:30:25', '2023-08-24 13:30:25');

-- Dumping structure for table majiquiz_db.users
CREATE TABLE IF NOT EXISTS `users` (
  `id` bigint(20) unsigned NOT NULL AUTO_INCREMENT,
  `username` varchar(255) NOT NULL,
  `password` varchar(255) NOT NULL,
  `created_at` timestamp NULL DEFAULT NULL,
  `updated_at` timestamp NULL DEFAULT NULL,
  PRIMARY KEY (`id`),
  UNIQUE KEY `users_username_unique` (`username`)
) ENGINE=InnoDB AUTO_INCREMENT=6 DEFAULT CHARSET=utf8mb4 COLLATE=utf8mb4_unicode_ci;

-- Dumping data for table majiquiz_db.users: ~5 rows (approximately)
INSERT INTO `users` (`id`, `username`, `password`, `created_at`, `updated_at`) VALUES
	(1, 'Nuno', '$2y$10$hO0L8phWpCf.Q9dV.TPOceMjy1W2xIyE3FQNIiEezgQM26RS5/rVK', '2023-08-23 13:53:29', '2023-08-23 13:53:29'),
	(2, 'Joao', '$2y$10$KcKBx79hA3lEg6V6HekqSOD0tHTIHgTTA263etTQSGPk2lh3ReYaK', '2023-08-23 13:55:40', '2023-08-23 13:55:40'),
	(3, 'Maria', '$2y$10$r7aN2l1TIojF1AnHwEFmse.2EpiejtuOgjjheQiCnwJvxgDMb3IcC', '2023-08-23 13:58:01', '2023-08-23 13:58:01'),
	(4, 'Tomas', '$2y$10$lBWOq1NmqMjMHzyyjdkhsuYZnc44ZCN6E8CDMp4xBn/vv0bl0QShq', '2023-08-24 09:35:39', '2023-08-24 09:35:39'),
	(5, 'Ines', '$2y$10$OB5P7k8L3MZPBuJLwZiNLu/OjnSYzqZB1RWAEbWtUXMR17Dz3ly1a', '2023-08-24 12:46:55', '2023-08-24 12:46:55');

/*!40103 SET TIME_ZONE=IFNULL(@OLD_TIME_ZONE, 'system') */;
/*!40101 SET SQL_MODE=IFNULL(@OLD_SQL_MODE, '') */;
/*!40014 SET FOREIGN_KEY_CHECKS=IFNULL(@OLD_FOREIGN_KEY_CHECKS, 1) */;
/*!40101 SET CHARACTER_SET_CLIENT=@OLD_CHARACTER_SET_CLIENT */;
/*!40111 SET SQL_NOTES=IFNULL(@OLD_SQL_NOTES, 1) */;
